#node1	node2	combined_score
asnO	cwlJ	0.521
asnO	cotJB	0.665
asnO	cotJC	0.625
asnO	spoVR	0.508
asnO	dacF	0.413
asnO	spoVAD	0.446
asnO	gerQ	0.502
asnO	usd	0.502
asnO	spoVFA	0.553
asnO	spoVFB	0.572
asnO	spoIIID	0.594
cotB	gerPF	0.51
cotB	yitA	0.62
cotB	cotZ	0.716
cotB	cotY	0.733
cotB	cotX	0.647
cotB	cotW	0.682
cotB	cotV	0.701
cotB	spoVIF	0.622
cotB	cotT	0.687
cotB	ylbD	0.531
cotB	spoVFA	0.726
cotB	spoVFB	0.731
cotB	yqfQ	0.524
cotB	ytlA	0.532
cotB	ytcA	0.729
cotB	ywrJ	0.905
cotB	spsB	0.591
cotB	cotF	0.731
cotE	yaaC	0.416
cotE	fin	0.764
cotE	yabP	0.587
cotE	yabQ	0.671
cotE	spoIIE	0.746
cotE	yabS	0.573
cotE	yabT	0.448
cotE	gerD	0.775
cotE	cwlJ	0.829
cotE	ydcC	0.78
cotE	cotJA	0.823
cotE	cotJB	0.699
cotE	cotJC	0.727
cotE	yhbB	0.772
cotE	prkA	0.766
cotE	yhbH	0.594
cotE	spoVR	0.675
cotE	yheD	0.757
cotE	cotO	0.69
cotE	cotY	0.513
cotE	spoVIF	0.652
cotE	ylaK	0.501
cotE	ylbD	0.659
cotE	gerR	0.835
cotE	spoVFA	0.588
cotE	spoVFB	0.407
cotE	ymfJ	0.764
cotE	ytrH	0.406
cotE	sigF	0.411
cotE	yqgE	0.437
cotE	spoVAF	0.418
cotE	yqfD	0.473
cotE	glnH	0.501
cotE	spoIIIAG	0.442
cotE	spoIIIAF	0.552
cotE	ypeB	0.526
cotE	yrzR	0.606
cotE	yqhR	0.612
cotE	usd	0.638
cotE	yrzE	0.65
cotE	yqfX	0.678
cotE	ytfJ	0.605
cotE	yqfQ	0.602
cotE	gerM	0.712
cotE	spoIIP	0.706
cotE	spoIVFA	0.708
cotE	ysxE	0.674
cotE	spoIIID	0.79
cotE	spoIIIAH	0.874
cotE	spoIIQ	0.869
cotE	gerQ	0.938
cotE	spoIVA	0.788
cotE	spoVID	0.946
cotF	gerPF	0.634
cotF	gerPE	0.637
cotF	yitA	0.73
cotF	cotZ	0.73
cotF	cotY	0.733
cotF	cotX	0.658
cotF	cotW	0.642
cotF	cotV	0.629
cotF	spoVIF	0.605
cotF	cotT	0.739
cotF	spoVFA	0.733
cotF	spoVFB	0.724
cotF	yqfQ	0.625
cotF	ytlA	0.731
cotF	ytcA	0.731
cotF	putM	0.502
cotF	spsB	0.502
cotJA	gerD	0.506
cotJA	spoIIIAF	0.42
cotJA	glnQ	0.499
cotJA	yodS	0.502
cotJA	cotO	0.517
cotJA	dacF	0.522
cotJA	spoVR	0.522
cotJA	ylaK	0.523
cotJA	glnH	0.54
cotJA	gerR	0.569
cotJA	ytfJ	0.611
cotJA	spoIVA	0.502
cotJA	prkA	0.682
cotJA	spoIIID	0.685
cotJA	usd	0.705
cotJA	yhbB	0.571
cotJA	spoVID	0.658
cotJA	gerQ	0.729
cotJA	ysxE	0.82
cotJA	yheD	0.8
cotJA	cotJC	0.99
cotJA	cotJB	0.991
cotJB	spoIVB	0.403
cotJB	spoIIIAE	0.412
cotJB	spoIIIAG	0.414
cotJB	spoVAA	0.42
cotJB	gpr	0.427
cotJB	tepA	0.429
cotJB	spoVAEB	0.429
cotJB	spoVAB	0.495
cotJB	dacF	0.505
cotJB	ylaK	0.508
cotJB	ylmC	0.508
cotJB	spoIIAB	0.494
cotJB	glnH	0.524
cotJB	spoVAC	0.52
cotJB	spoIIGA	0.476
cotJB	spoVAD	0.562
cotJB	yhbB	0.409
cotJB	spoVR	0.619
cotJB	prkA	0.624
cotJB	spoVID	0.51
cotJB	ysxE	0.602
cotJB	usd	0.709
cotJB	yheD	0.619
cotJB	spoIVA	0.557
cotJB	spoIIID	0.796
cotJB	gerQ	0.73
cotJB	cotJC	0.995
cotJC	spoVAEB	0.483
cotJC	sigE	0.413
cotJC	cotO	0.51
cotJC	ylaK	0.514
cotJC	ytfJ	0.523
cotJC	yodS	0.528
cotJC	spoIIAB	0.54
cotJC	spoVAC	0.589
cotJC	glnH	0.599
cotJC	dacF	0.612
cotJC	prkA	0.62
cotJC	spoVAD	0.62
cotJC	spoVR	0.618
cotJC	usd	0.729
cotJC	spoVID	0.502
cotJC	yheD	0.619
cotJC	ysxE	0.643
cotJC	spoIIID	0.783
cotJC	spoIVA	0.659
cotJC	gerQ	0.73
cotO	prkA	0.621
cotO	spoVR	0.514
cotO	ysxE	0.502
cotO	spoIIIAH	0.502
cotO	ylaK	0.531
cotO	spoIIQ	0.539
cotO	gerR	0.583
cotO	spoVID	0.624
cotO	gerQ	0.625
cotO	spoIVA	0.687
cotT	gerPF	0.642
cotT	gerPE	0.619
cotT	yitA	0.623
cotT	cotZ	0.729
cotT	cotY	0.737
cotT	cotX	0.715
cotT	cotW	0.715
cotT	cotV	0.731
cotT	spoVIF	0.636
cotT	ylbD	0.402
cotT	spsB	0.502
cotT	yqfX	0.502
cotT	ytlA	0.605
cotT	yqfQ	0.623
cotT	spoVFB	0.632
cotT	ytcA	0.718
cotT	spoVFA	0.731
cotV	gerPF	0.502
cotV	gerPE	0.499
cotV	yitA	0.503
cotV	cotZ	0.786
cotV	cotY	0.93
cotV	cotX	0.962
cotV	cotW	0.985
cotV	spsE	0.501
cotV	yqfQ	0.605
cotV	ytcA	0.627
cotV	spoVFB	0.673
cotV	spsB	0.621
cotV	spoVFA	0.731
cotV	spoVIF	0.83
cotW	gerPF	0.501
cotW	gerPE	0.501
cotW	yitA	0.519
cotW	cotZ	0.792
cotW	cotY	0.937
cotW	cotX	0.973
cotW	spsE	0.467
cotW	yqfQ	0.601
cotW	ytcA	0.63
cotW	spsB	0.623
cotW	spoVFB	0.702
cotW	spoVFA	0.73
cotW	spoVIF	0.798
cotX	gerPF	0.508
cotX	yitA	0.525
cotX	cotZ	0.909
cotX	cotY	0.973
cotX	spsE	0.501
cotX	ytcA	0.63
cotX	yqfQ	0.609
cotX	spoVFB	0.625
cotX	spoVFA	0.727
cotX	spsB	0.621
cotX	spoVIF	0.924
cotY	gerPF	0.526
cotY	gerPE	0.502
cotY	yitA	0.62
cotY	cotZ	0.98
cotY	spsE	0.408
cotY	yqfX	0.501
cotY	yqfQ	0.619
cotY	spoVFB	0.684
cotY	ytcA	0.724
cotY	spoVFA	0.733
cotY	spsB	0.611
cotY	spoVIF	0.771
cotY	gerQ	0.532
cotZ	gerPF	0.533
cotZ	yitA	0.618
cotZ	yqfX	0.499
cotZ	yqfQ	0.525
cotZ	ytcA	0.642
cotZ	spsB	0.511
cotZ	spoVFB	0.694
cotZ	spoVFA	0.716
cotZ	spoVIF	0.77
cwlJ	fin	0.673
cwlJ	yabP	0.671
cwlJ	gerD	0.601
cwlJ	yfkR	0.433
cwlJ	yndD	0.439
cwlJ	ytfJ	0.428
cwlJ	gerM	0.407
cwlJ	yqfD	0.452
cwlJ	spoVFA	0.459
cwlJ	spoIIQ	0.455
cwlJ	spoVFB	0.536
cwlJ	spoIVFA	0.467
cwlJ	spoIVB	0.566
cwlJ	spoIIIAH	0.563
cwlJ	spoIIID	0.465
cwlJ	gpr	0.477
cwlJ	yhbB	0.585
cwlJ	spoVAD	0.453
cwlJ	spoVID	0.545
cwlJ	spoVAEB	0.576
cwlJ	spoVAF	0.55
cwlJ	gerR	0.739
cwlJ	ydcC	0.768
cwlJ	spoIIP	0.709
cwlJ	spoIVA	0.514
cwlJ	spoVAC	0.626
cwlJ	ypeB	0.642
cwlJ	gerQ	0.944
dacF	yabP	0.458
dacF	sigE	0.425
dacF	sigG	0.481
dacF	yodS	0.624
dacF	spoIVA	0.566
dacF	spoVAF	0.568
dacF	spoVAEA	0.42
dacF	spoVAEB	0.638
dacF	spoVAD	0.699
dacF	spoVAC	0.66
dacF	spoVAB	0.454
dacF	spoVAA	0.473
dacF	sigF	0.768
dacF	spoIIAB	0.755
dacF	spoIIAA	0.665
dacF	spoIIQ	0.499
dacF	lonB	0.519
dacF	usd	0.525
dacF	ytfI	0.53
dacF	ysxE	0.587
dacF	spoIVB	0.558
dacF	spoIIID	0.609
dacF	ytfJ	0.71
dacF	gpr	0.643
dacF	spoIIP	0.604
dgkA	yqeZ	0.452
dgkA	yqfA	0.473
dgkA	yqfB	0.502
dgkA	yqfC	0.592
dgkA	yqfD	0.618
dgkA	phoH	0.684
dgkA	yqfF	0.866
fin	yaaC	0.76
fin	sspF	0.441
fin	pth	0.921
fin	spoVAA	0.404
fin	spoVAB	0.42
fin	ypeB	0.422
fin	spoIIIAG	0.436
fin	yqzD	0.44
fin	yhbH	0.441
fin	mecB	0.441
fin	yheD	0.449
fin	ylaJ	0.47
fin	yabP	0.492
fin	ysxE	0.493
fin	ymfJ	0.497
fin	spoVT	0.511
fin	spoIIQ	0.428
fin	yabT	0.513
fin	ytfI	0.53
fin	ytrI	0.53
fin	yutH	0.552
fin	ytrH	0.553
fin	yabS	0.599
fin	yqfD	0.608
fin	spoIIIAF	0.63
fin	yrzR	0.648
fin	spoIIE	0.686
fin	spoIVFA	0.704
fin	yqfX	0.716
fin	yqhR	0.72
fin	yrzE	0.724
fin	spoIIP	0.731
fin	gerQ	0.733
fin	gerD	0.745
fin	ydcC	0.748
fin	yqgE	0.752
fin	gerM	0.758
fin	yhbB	0.764
fin	spoVID	0.756
fin	gerR	0.769
fin	yabQ	0.806
gerAA	spoVT	0.774
gerAA	yabP	0.767
gerAA	spoIIE	0.446
gerAA	yfkT	0.762
gerAA	yfkR	0.78
gerAA	ylbJ	0.729
gerAA	spoIIGA	0.5
gerAA	sigE	0.774
gerAA	sigG	0.773
gerAA	ylmC	0.746
gerAA	spoVFB	0.57
gerAA	tepA	0.647
gerAA	spoIVA	0.772
gerAA	spoVAEB	0.805
gerAA	spoVAD	0.808
gerAA	spoVAC	0.834
gerAA	sigF	0.67
gerAA	spoIIAB	0.754
gerAA	spoIVB	0.782
gerAA	spoIIIAG	0.576
gerAA	spoIIIAE	0.708
gerAA	spoIIIAD	0.739
gerAA	spoIIIAB	0.652
gerAA	spoIIIAA	0.724
gerAA	yqfD	0.727
gerAA	yqfC	0.677
gerAA	spoIIP	0.422
gerAA	gpr	0.838
gerAA	ytfJ	0.619
gerAA	ythA	0.501
gerAA	gerBA	0.585
gerAA	yyaC	0.663
gerAA	spoIIID	0.772
gerAA	spoIIR	0.775
gerAA	gerBB	0.765
gerAA	gerBC	0.789
gerAA	gerAB	0.976
gerAA	gerAC	0.96
gerAB	sspF	0.443
gerAB	gerKA	0.706
gerAB	yfkR	0.727
gerAB	yfkQ	0.715
gerAB	yhcN	0.406
gerAB	ylbJ	0.478
gerAB	yndD	0.784
gerAB	spoIIM	0.531
gerAB	spoIVB	0.485
gerAB	spoIIIAE	0.6
gerAB	spoIIIAD	0.552
gerAB	spoIIIAB	0.544
gerAB	yqfC	0.694
gerAB	gpr	0.519
gerAB	yyaC	0.605
gerAB	gerBA	0.801
gerAB	gerBC	0.806
gerAB	gerAC	0.967
gerAC	sspF	0.567
gerAC	spoVT	0.416
gerAC	gerKA	0.77
gerAC	yfkT	0.779
gerAC	yfkQ	0.779
gerAC	ylbJ	0.584
gerAC	yndD	0.786
gerAC	ypeB	0.404
gerAC	spoVAF	0.41
gerAC	spoIIM	0.591
gerAC	spoIVB	0.63
gerAC	spoIIIAE	0.628
gerAC	spoIIIAD	0.559
gerAC	spoIIIAB	0.527
gerAC	yqfC	0.718
gerAC	gpr	0.554
gerAC	lonB	0.428
gerAC	ytxC	0.478
gerAC	ytaF	0.402
gerAC	ytfJ	0.55
gerAC	spoIIR	0.445
gerAC	yyaC	0.479
gerAC	gerBB	0.792
gerAC	gerBA	0.8
gerBA	spoVT	0.774
gerBA	yabP	0.764
gerBA	spoIIE	0.439
gerBA	ydfR	0.538
gerBA	yfkT	0.767
gerBA	yfkR	0.795
gerBA	ylbJ	0.702
gerBA	spoIIGA	0.507
gerBA	sigE	0.773
gerBA	sigG	0.772
gerBA	ylmC	0.744
gerBA	spoVFB	0.568
gerBA	tepA	0.666
gerBA	spoIVA	0.771
gerBA	spoVAEB	0.835
gerBA	spoVAD	0.887
gerBA	spoVAC	0.886
gerBA	spoVAB	0.506
gerBA	sigF	0.65
gerBA	spoIIAB	0.746
gerBA	spoIIM	0.42
gerBA	spoIVB	0.782
gerBA	spoIIIAG	0.557
gerBA	spoIIIAE	0.703
gerBA	spoIIIAD	0.739
gerBA	spoIIIAB	0.642
gerBA	spoIIIAA	0.721
gerBA	yqfD	0.722
gerBA	yqfC	0.661
gerBA	spoIIP	0.453
gerBA	gpr	0.812
gerBA	ytfJ	0.662
gerBA	ythA	0.502
gerBA	yyaC	0.655
gerBA	spoIIR	0.776
gerBA	spoIIID	0.776
gerBA	gerBC	0.96
gerBA	gerBB	0.958
gerBB	sspF	0.575
gerBB	gerKA	0.735
gerBB	yfkT	0.764
gerBB	yfkR	0.749
gerBB	yfkQ	0.708
gerBB	yhcN	0.431
gerBB	ylbJ	0.519
gerBB	yndD	0.782
gerBB	ypeB	0.42
gerBB	spoIIM	0.614
gerBB	spoIVB	0.498
gerBB	spoIIIAF	0.519
gerBB	spoIIIAE	0.633
gerBB	spoIIIAD	0.55
gerBB	spoIIIAB	0.591
gerBB	yqfC	0.71
gerBB	gpr	0.539
gerBB	ytxC	0.403
gerBB	spoIIR	0.405
gerBB	yyaC	0.605
gerBB	gerBC	0.956
gerBC	sspF	0.523
gerBC	spoVT	0.568
gerBC	gerKA	0.786
gerBC	yfkT	0.792
gerBC	yfkQ	0.784
gerBC	ylbJ	0.535
gerBC	sigE	0.462
gerBC	sigG	0.475
gerBC	yndD	0.794
gerBC	ypeB	0.448
gerBC	spoVAF	0.572
gerBC	spoVAD	0.442
gerBC	spoIIM	0.51
gerBC	spoIVB	0.687
gerBC	spoIIIAE	0.611
gerBC	spoIIIAD	0.578
gerBC	spoIIIAB	0.465
gerBC	yqfC	0.656
gerBC	gpr	0.56
gerBC	ytxC	0.478
gerBC	ytaF	0.521
gerBC	ytfJ	0.598
gerBC	yyaC	0.406
gerBC	spoIIR	0.481
gerD	yaaC	0.525
gerD	sspF	0.431
gerD	yabQ	0.741
gerD	spoIIE	0.757
gerD	yabS	0.616
gerD	yabT	0.566
gerD	spoVAB	0.408
gerD	ytrI	0.426
gerD	mecB	0.475
gerD	spoIIIAG	0.479
gerD	yqgE	0.484
gerD	yqfD	0.49
gerD	yrzR	0.513
gerD	ypeB	0.582
gerD	spoIIQ	0.593
gerD	gerM	0.618
gerD	spoIVFA	0.623
gerD	spoIIIAF	0.637
gerD	spoIIP	0.643
gerD	yqhR	0.653
gerD	ymfJ	0.691
gerD	yrzE	0.699
gerD	yqfX	0.718
gerD	yqfQ	0.747
gerD	spoVIF	0.747
gerD	spoVID	0.755
gerD	spoIIIAH	0.762
gerD	yhbB	0.762
gerD	gerQ	0.765
gerD	ydcC	0.775
gerD	gerR	0.776
gerKA	spoVT	0.774
gerKA	yabP	0.758
gerKA	spoIIE	0.457
gerKA	spoIIM	0.448
gerKA	spoIIP	0.454
gerKA	spoIIGA	0.521
gerKA	spoIIIAG	0.543
gerKA	yyaC	0.564
gerKA	yqfC	0.573
gerKA	spoIIIAB	0.61
gerKA	tepA	0.612
gerKA	ytfJ	0.624
gerKA	spoVFB	0.626
gerKA	sigF	0.652
gerKA	spoIIIAA	0.697
gerKA	spoIIIAE	0.699
gerKA	ylbJ	0.696
gerKA	yqfD	0.695
gerKA	spoIIIAD	0.734
gerKA	ylmC	0.75
gerKA	spoIIAB	0.734
gerKA	sigG	0.769
gerKA	spoIVA	0.771
gerKA	sigE	0.772
gerKA	spoIVB	0.778
gerKA	spoIIID	0.765
gerKA	spoIIR	0.771
gerKA	gpr	0.781
gerKA	spoVAEB	0.773
gerKA	yfkR	0.782
gerKA	yfkT	0.776
gerKA	spoVAC	0.783
gerKA	spoVAD	0.783
gerM	yaaC	0.76
gerM	yabQ	0.747
gerM	spoIIE	0.759
gerM	yabS	0.808
gerM	yabT	0.771
gerM	ydcC	0.767
gerM	yhbB	0.747
gerM	yhbH	0.599
gerM	spoVR	0.415
gerM	ylaJ	0.436
gerM	ylaK	0.438
gerM	ylbD	0.7
gerM	ylbJ	0.463
gerM	gerR	0.661
gerM	spoIIGA	0.74
gerM	ypeB	0.747
gerM	spoVAB	0.549
gerM	spoVAA	0.517
gerM	spoIIM	0.734
gerM	spoIVB	0.404
gerM	spoIIIAH	0.804
gerM	spoIIIAG	0.753
gerM	spoIIIAF	0.838
gerM	spoIIIAE	0.709
gerM	spoIIIAD	0.446
gerM	spoIIIAB	0.819
gerM	yqhR	0.738
gerM	yqgE	0.732
gerM	yqfX	0.731
gerM	yqfQ	0.517
gerM	yqfD	0.752
gerM	yqfC	0.599
gerM	spoIIP	0.766
gerM	gpr	0.404
gerM	yrzR	0.704
gerM	yrzE	0.756
gerM	spoIVFA	0.764
gerM	ysxE	0.859
gerM	spoVID	0.829
gerM	ytxC	0.422
gerM	ytaF	0.549
gerM	spoIIQ	0.574
gerM	ytrH	0.613
gerM	gerQ	0.649
gerM	ytrI	0.682
gerM	ytfI	0.722
gerM	yutH	0.755
gerPE	gerPF	0.917
gerPE	yqfQ	0.499
gerPE	spoVFB	0.529
gerPE	spoVFA	0.619
gerPE	ytcA	0.621
gerPE	yitA	0.621
gerPE	ytlA	0.642
gerPF	yqfQ	0.502
gerPF	ytlA	0.515
gerPF	yitA	0.516
gerPF	spoVFB	0.609
gerPF	spoVFA	0.62
gerPF	ytcA	0.621
gerQ	yabP	0.566
gerQ	yabQ	0.55
gerQ	spoIIE	0.628
gerQ	yabS	0.558
gerQ	ydcC	0.783
gerQ	yhbB	0.691
gerQ	prkA	0.705
gerQ	yhbH	0.457
gerQ	spoVR	0.701
gerQ	yheD	0.649
gerQ	spoVIF	0.501
gerQ	ylaK	0.543
gerQ	ylbD	0.614
gerQ	gerR	0.804
gerQ	spoVFA	0.435
gerQ	ymfJ	0.583
gerQ	spoIVA	0.734
gerQ	ypeB	0.47
gerQ	spoVAF	0.547
gerQ	spoVAC	0.416
gerQ	spoVAB	0.422
gerQ	spoIVB	0.435
gerQ	spoIIIAH	0.738
gerQ	spoIIIAF	0.403
gerQ	yqhR	0.638
gerQ	yqgE	0.431
gerQ	yqfX	0.609
gerQ	spoIIP	0.724
gerQ	glnH	0.516
gerQ	yrzR	0.524
gerQ	yrzE	0.679
gerQ	spoIVFA	0.696
gerQ	ysxE	0.625
gerQ	spoVID	0.872
gerQ	ytrH	0.41
gerQ	ytfJ	0.483
gerQ	spoIIID	0.731
gerQ	usd	0.669
gerQ	spoIIQ	0.816
gerQ	spsB	0.414
gerR	sspF	0.485
gerR	yabQ	0.722
gerR	spoIIE	0.789
gerR	yabS	0.772
gerR	yabT	0.556
gerR	ydcC	0.789
gerR	yhbB	0.788
gerR	prkA	0.508
gerR	spoVR	0.447
gerR	yheD	0.516
gerR	ylaK	0.583
gerR	spoVAB	0.405
gerR	spoIIIAE	0.423
gerR	ytrH	0.426
gerR	yqgE	0.489
gerR	ytfI	0.498
gerR	ysxE	0.515
gerR	yqfD	0.482
gerR	spoIIIAG	0.525
gerR	ypeB	0.561
gerR	yqhR	0.577
gerR	yqfX	0.597
gerR	yrzR	0.61
gerR	ymfJ	0.637
gerR	mecB	0.652
gerR	spoIIIAF	0.628
gerR	yrzE	0.691
gerR	spoIIP	0.645
gerR	spoIVA	0.584
gerR	spoIVFA	0.73
gerR	spoIIQ	0.782
gerR	spoIIIAH	0.801
gerR	spoVID	0.874
gerR	spoIIID	0.498
glgA	prkA	0.73
glgA	spoIIGA	0.502
glgA	sigE	0.517
glgA	glgB	0.999
glgA	glgC	0.999
glgB	yaaC	0.547
glgB	yabS	0.599
glgB	prkA	0.518
glgB	spoVR	0.499
glgB	ylaK	0.502
glgB	spoIIGA	0.605
glgB	sigE	0.62
glgB	sigG	0.621
glgB	spoVID	0.502
glgB	glgC	0.999
glgB	ywcI	0.521
glgC	spoIIE	0.501
glgC	yabS	0.619
glgC	yabT	0.514
glgC	prkA	0.562
glgC	spoVR	0.563
glgC	ylaK	0.555
glgC	spoIIGA	0.65
glgC	sigE	0.641
glgC	sigG	0.622
glgC	spoIIAB	0.502
glgC	spoIIIAB	0.501
glgC	ywcI	0.501
glnH	prkA	0.516
glnH	yhbH	0.518
glnH	spoVR	0.568
glnH	ylaK	0.511
glnH	yodS	0.501
glnH	glnQ	0.998
glnH	ysxE	0.516
glnH	spoIIID	0.526
glnH	usd	0.533
glnQ	prkA	0.512
glnQ	yhbH	0.434
glnQ	spoVR	0.615
glnQ	ylaK	0.517
glnQ	yodS	0.501
glnQ	usd	0.516
gpr	spoVT	0.783
gpr	yabP	0.774
gpr	spoIIE	0.769
gpr	yabS	0.415
gpr	yabT	0.414
gpr	ydcC	0.565
gpr	yfkT	0.431
gpr	yfkR	0.56
gpr	yfkQ	0.777
gpr	ylbJ	0.775
gpr	spoIIGA	0.759
gpr	sigE	0.792
gpr	sigG	0.781
gpr	ylmC	0.77
gpr	ymxH	0.654
gpr	tepA	0.756
gpr	yndD	0.783
gpr	spoIVA	0.795
gpr	ypeB	0.541
gpr	spoVAF	0.8
gpr	spoVAEB	0.805
gpr	spoVAD	0.889
gpr	spoVAC	0.883
gpr	spoVAB	0.536
gpr	sigF	0.739
gpr	spoIIAB	0.785
gpr	spoIIAA	0.51
gpr	spoIIM	0.643
gpr	spoIVB	0.813
gpr	spoIIIAH	0.465
gpr	spoIIIAG	0.768
gpr	spoIIIAF	0.549
gpr	spoIIIAE	0.794
gpr	spoIIIAD	0.79
gpr	spoIIIAB	0.774
gpr	spoIIIAA	0.767
gpr	yqhR	0.436
gpr	yqfD	0.772
gpr	yqfC	0.729
gpr	spoIIP	0.945
gpr	spoIVFA	0.413
gpr	ytrH	0.447
gpr	lonB	0.454
gpr	ytlA	0.566
gpr	ytaF	0.604
gpr	ytfI	0.607
gpr	spoIIID	0.777
gpr	spoIIR	0.776
gpr	ytfJ	0.814
gpr	yyaC	0.782
lonB	sspF	0.434
lonB	ylbJ	0.45
lonB	spoIIGA	0.418
lonB	spoIIM	0.6
lonB	spoIVB	0.405
lonB	spoIIIAE	0.728
lonB	spoIIIAD	0.74
lonB	spoIIIAB	0.837
lonB	yqfC	0.708
lonB	yrzR	0.598
lonB	ytxC	0.559
lonB	yyaC	0.604
lonB	ytfI	0.66
lonB	ytfJ	0.678
lysA	sigF	0.408
lysA	spoIIAA	0.429
lysA	spoIIAB	0.438
lysA	spoVAB	0.568
lysA	spoVAA	0.568
lysA	spoVAC	0.575
lysA	spoVAEB	0.584
lysA	spoVAD	0.584
lysA	spoVAEA	0.584
lysA	spoVAF	0.584
mecB	spoIIGA	0.412
mecB	ypeB	0.561
mecB	spoVAB	0.41
mecB	spoIIIAG	0.422
mecB	yrzR	0.587
opuE	putB	0.552
opuE	putM	0.552
phoH	yqfF	0.638
phoH	yqeZ	0.553
phoH	yqfB	0.626
phoH	yqfA	0.584
phoH	yqfC	0.763
phoH	yqfD	0.803
prkA	yhbB	0.701
prkA	ywcI	0.499
prkA	yodS	0.499
prkA	ymfJ	0.502
prkA	usd	0.516
prkA	spoIIIAH	0.527
prkA	spoIIQ	0.53
prkA	spoIIIAB	0.574
prkA	yhcB	0.575
prkA	spoIIID	0.578
prkA	spoVID	0.631
prkA	ysxE	0.644
prkA	ylaK	0.67
prkA	spoIVA	0.728
prkA	yhbH	0.995
prkA	spoVR	0.991
proG	putB	0.909
proG	putC	0.903
proG	rocA	0.903
proG	putM	0.909
proG	proH	0.926
proG	proI	0.927
proH	putB	0.909
proH	putC	0.903
proH	rocA	0.903
proH	proI	0.909
proH	putM	0.909
proI	putB	0.909
proI	putC	0.903
proI	rocA	0.903
proI	putM	0.909
pth	spoVT	0.432
putB	ycgL	0.466
putB	ythA	0.499
putB	yhjB	0.614
putB	putM	0.903
putB	putP	0.815
putB	rocA	0.993
putB	putC	0.999
putC	ycgL	0.429
putC	putP	0.797
putC	rocA	0.904
putC	putM	0.995
putM	putP	0.552
putM	yhjB	0.613
putM	spoVFA	0.408
putM	yqfQ	0.402
putM	ytlA	0.514
putM	ytcA	0.51
putM	rocA	0.995
rnpZA	spxA	0.826
rnpZA	yjbH	0.713
rnpZA	rppG	0.422
rppG	yabS	0.471
rppG	yjbH	0.737
rppG	yjbK	0.546
rppG	ylbD	0.559
rppG	ypjA	0.424
rppG	yqzD	0.566
rppG	spoVID	0.412
rppG	ytrI	0.51
sigE	spoVT	0.775
sigE	yabP	0.774
sigE	spoIIE	0.873
sigE	yabS	0.533
sigE	yfkR	0.537
sigE	yfkQ	0.773
sigE	ylbJ	0.751
sigE	spoIIGA	0.966
sigE	yqfC	0.4
sigE	yyaC	0.495
sigE	spoVFA	0.512
sigE	ymxH	0.561
sigE	spoIIIAB	0.582
sigE	ytfJ	0.617
sigE	sigF	0.558
sigE	ywcI	0.635
sigE	spoIIAA	0.622
sigE	spoVFB	0.701
sigE	tepA	0.709
sigE	spoIIIAE	0.736
sigE	yqfD	0.76
sigE	yndD	0.771
sigE	spoVAF	0.78
sigE	spoVAEB	0.783
sigE	spoVAC	0.783
sigE	spoIVB	0.78
sigE	spoVAD	0.79
sigE	spoIIIAD	0.792
sigE	spoIVA	0.796
sigE	spoIIID	0.78
sigE	spoIIR	0.78
sigE	spoIIIAG	0.787
sigE	spoIIIAA	0.792
sigE	ylmC	0.832
sigE	spoIIP	0.694
sigE	sigG	0.891
sigE	spoIIAB	0.938
sigF	spoVT	0.722
sigF	yabP	0.738
sigF	spoIIE	0.745
sigF	yfkQ	0.686
sigF	ylbJ	0.597
sigF	spoIIGA	0.778
sigF	ylmC	0.736
sigF	ymxH	0.423
sigF	spoVFA	0.404
sigF	spoVFB	0.573
sigF	tepA	0.469
sigF	yndD	0.612
sigF	spoIVA	0.797
sigF	spoVAF	0.868
sigF	spoVAEA	0.552
sigF	spoVAEB	0.883
sigF	spoVAD	0.889
sigF	spoVAC	0.89
sigF	spoVAB	0.655
sigF	spoVAA	0.632
sigF	spoIIIAE	0.622
sigF	spoIIIAD	0.682
sigF	yqfD	0.699
sigF	spoIIIAG	0.615
sigF	spoIIP	0.62
sigF	spoIVB	0.727
sigF	spoIIIAA	0.638
sigF	spoIIR	0.739
sigF	spoIIID	0.765
sigF	spoIIAA	0.992
sigF	spoIIAB	0.992
sigG	spoVT	0.775
sigG	yabP	0.77
sigG	spoIIE	0.789
sigG	yabS	0.519
sigG	yfkR	0.542
sigG	yfkQ	0.771
sigG	ylaK	0.504
sigG	ylbJ	0.76
sigG	spoIIGA	0.88
sigG	spoIIIAB	0.461
sigG	yqfC	0.49
sigG	spoVFA	0.415
sigG	yyaC	0.611
sigG	ymxH	0.689
sigG	spoVFB	0.672
sigG	spoIIIAE	0.702
sigG	yqfD	0.728
sigG	spoIIP	0.615
sigG	tepA	0.735
sigG	spoVAF	0.759
sigG	yndD	0.767
sigG	spoIIIAD	0.77
sigG	spoIIAA	0.6
sigG	ytfJ	0.674
sigG	spoVAEB	0.78
sigG	spoVAC	0.781
sigG	spoVAD	0.787
sigG	spoIIIAG	0.725
sigG	ylmC	0.842
sigG	spoIIR	0.802
sigG	spoIIIAA	0.775
sigG	spoIVB	0.774
sigG	spoIVA	0.807
sigG	spoIIID	0.799
sigG	spoIIAB	0.88
spoIIAA	spoVT	0.485
spoIIAA	yabP	0.485
spoIIAA	spoIIE	0.422
spoIIAA	spoIIGA	0.573
spoIIAA	ylmC	0.514
spoIIAA	spoIVA	0.691
spoIIAA	spoVAF	0.77
spoIIAA	spoVAEA	0.547
spoIIAA	spoVAEB	0.822
spoIIAA	spoVAD	0.839
spoIIAA	spoVAC	0.84
spoIIAA	spoVAB	0.613
spoIIAA	spoVAA	0.619
spoIIAA	spoIIAB	0.999
spoIIAA	spoIVB	0.441
spoIIAA	spoIIID	0.446
spoIIAA	spoIIR	0.454
spoIIAB	spoVT	0.77
spoIIAB	yabP	0.767
spoIIAB	spoIIE	0.698
spoIIAB	yabT	0.516
spoIIAB	yfkQ	0.751
spoIIAB	ylbJ	0.567
spoIIAB	spoIIGA	0.841
spoIIAB	ylmC	0.771
spoIIAB	tepA	0.697
spoIIAB	yndD	0.706
spoIIAB	spoIVA	0.826
spoIIAB	spoVAF	0.867
spoIIAB	spoVAEA	0.545
spoIIAB	spoVAEB	0.893
spoIIAB	spoVAD	0.894
spoIIAB	spoVAC	0.895
spoIIAB	spoVAB	0.642
spoIIAB	spoVAA	0.633
spoIIAB	ytfJ	0.403
spoIIAB	spoIIIAE	0.48
spoIIAB	spoIIIAD	0.665
spoIIAB	spoIIIAG	0.591
spoIIAB	yqfD	0.716
spoIIAB	spoIIP	0.475
spoIIAB	spoIVB	0.765
spoIIAB	spoIIIAA	0.713
spoIIAB	spoIIID	0.765
spoIIAB	spoIIR	0.763
spoIIE	yaaC	0.481
spoIIE	spoVT	0.46
spoIIE	yabP	0.766
spoIIE	yabQ	0.795
spoIIE	ylbD	0.426
spoIIE	ymfJ	0.434
spoIIE	yhcN	0.455
spoIIE	yndD	0.414
spoIIE	ylaJ	0.475
spoIIE	ytlA	0.476
spoIIE	yutH	0.501
spoIIE	ytxC	0.514
spoIIE	spoVAEB	0.525
spoIIE	spoVAF	0.542
spoIIE	spoVAD	0.523
spoIIE	spoVFA	0.55
spoIIE	yqfQ	0.571
spoIIE	ytaF	0.601
spoIIE	yrzR	0.614
spoIIE	ytfI	0.62
spoIIE	yqgE	0.621
spoIIE	ytfJ	0.625
spoIIE	ytrI	0.63
spoIIE	spoVAC	0.598
spoIIE	ymxH	0.638
spoIIE	tepA	0.671
spoIIE	yqfC	0.673
spoIIE	spoVAA	0.679
spoIIE	yqfX	0.697
spoIIE	yrzE	0.7
spoIIE	spoVAB	0.707
spoIIE	yqhR	0.726
spoIIE	yhbB	0.744
spoIIE	ytrH	0.746
spoIIE	ydcC	0.751
spoIIE	ypeB	0.753
spoIIE	spoIIIAB	0.752
spoIIE	spoIIIAF	0.769
spoIIE	ylbJ	0.771
spoIIE	spoIIIAD	0.772
spoIIE	ylmC	0.73
spoIIE	yqfD	0.775
spoIIE	spoVID	0.769
spoIIE	spoIIIAE	0.776
spoIIE	spoIVB	0.756
spoIIE	spoIVFA	0.802
spoIIE	spoIVA	0.723
spoIIE	spoIIIAG	0.779
spoIIE	spoIIIAA	0.75
spoIIE	spoIIID	0.753
spoIIE	spoIIM	0.766
spoIIE	spoIIIAH	0.732
spoIIE	spoIIP	0.771
spoIIE	spoIIR	0.77
spoIIE	yabS	0.972
spoIIE	yabT	0.976
spoIIE	spoIIGA	0.932
spoIIGA	yaaC	0.508
spoIIGA	spoVT	0.48
spoIIGA	yabP	0.488
spoIIGA	yabQ	0.706
spoIIGA	yabS	0.841
spoIIGA	yabT	0.643
spoIIGA	yfkQ	0.516
spoIIGA	yhbB	0.415
spoIIGA	ylbJ	0.77
spoIIGA	ytrI	0.408
spoIIGA	ytaF	0.412
spoIIGA	yyaC	0.412
spoIIGA	spoVAEB	0.479
spoIIGA	yqgE	0.485
spoIIGA	spoVAF	0.443
spoIIGA	spoVAA	0.497
spoIIGA	ytxC	0.503
spoIIGA	yqhR	0.515
spoIIGA	ysxE	0.573
spoIIGA	yqfX	0.579
spoIIGA	ywcI	0.585
spoIIGA	yrzE	0.61
spoIIGA	spoVAB	0.53
spoIIGA	yrzR	0.626
spoIIGA	yppC	0.632
spoIIGA	ytrH	0.633
spoIIGA	ytfI	0.648
spoIIGA	spoVAD	0.6
spoIIGA	yutH	0.662
spoIIGA	tepA	0.678
spoIIGA	ymxH	0.642
spoIIGA	ytfJ	0.725
spoIIGA	spoVAC	0.588
spoIIGA	spoVID	0.65
spoIIGA	ypeB	0.771
spoIIGA	spoIIIAD	0.801
spoIIGA	yqfC	0.758
spoIIGA	spoIIIAF	0.791
spoIIGA	spoIIIAE	0.808
spoIIGA	yqfD	0.756
spoIIGA	spoIVFA	0.672
spoIIGA	spoIIIAG	0.813
spoIIGA	spoIIIAB	0.797
spoIIGA	spoIVB	0.758
spoIIGA	spoIVA	0.766
spoIIGA	ylmC	0.801
spoIIGA	spoIIP	0.695
spoIIGA	spoIIM	0.831
spoIIGA	spoIIID	0.703
spoIIGA	spoIIIAA	0.775
spoIIGA	spoIIR	0.8
spoIIIAA	spoVT	0.766
spoIIIAA	yabP	0.72
spoIIIAA	yabS	0.417
spoIIIAA	yfkQ	0.713
spoIIIAA	ylbJ	0.785
spoIIIAA	ylmC	0.773
spoIIIAA	ymxH	0.696
spoIIIAA	tepA	0.768
spoIIIAA	yndD	0.689
spoIIIAA	spoIVA	0.79
spoIIIAA	spoVAF	0.499
spoIIIAA	spoVAEB	0.697
spoIIIAA	spoVAD	0.702
spoIIIAA	spoVAC	0.703
spoIIIAA	spoVAA	0.457
spoIIIAA	spoIIM	0.64
spoIIIAA	spoIVB	0.794
spoIIIAA	spoIIIAH	0.866
spoIIIAA	spoIIIAG	0.97
spoIIIAA	spoIIIAF	0.919
spoIIIAA	spoIIIAE	0.968
spoIIIAA	spoIIIAD	0.975
spoIIIAA	spoIIIAB	0.996
spoIIIAA	ytaF	0.454
spoIIIAA	ytxC	0.473
spoIIIAA	yqhR	0.516
spoIIIAA	ytlA	0.533
spoIIIAA	ytfJ	0.6
spoIIIAA	yyaC	0.676
spoIIIAA	yqfD	0.78
spoIIIAA	yqfC	0.726
spoIIIAA	spoIVFA	0.429
spoIIIAA	spoIIR	0.778
spoIIIAA	spoIIP	0.615
spoIIIAA	spoIIID	0.78
spoIIIAB	spoVT	0.533
spoIIIAB	yabQ	0.595
spoIIIAB	yabS	0.614
spoIIIAB	yabT	0.588
spoIIIAB	yfkT	0.459
spoIIIAB	yfkR	0.479
spoIIIAB	yfkQ	0.605
spoIIIAB	yhbH	0.411
spoIIIAB	spoVR	0.531
spoIIIAB	ylaK	0.513
spoIIIAB	ylbJ	0.783
spoIIIAB	ylmC	0.659
spoIIIAB	ymxH	0.489
spoIIIAB	spoVFA	0.439
spoIIIAB	tepA	0.603
spoIIIAB	yndD	0.598
spoIIIAB	spoIVA	0.46
spoIIIAB	ypeB	0.64
spoIIIAB	spoVAF	0.499
spoIIIAB	spoVAB	0.407
spoIIIAB	spoIIM	0.876
spoIIIAB	spoIVB	0.753
spoIIIAB	spoIIIAH	0.906
spoIIIAB	spoIIIAG	0.97
spoIIIAB	spoIIIAF	0.968
spoIIIAB	spoIIIAE	0.981
spoIIIAB	spoIIIAD	0.978
spoIIIAB	ysxE	0.46
spoIIIAB	yutH	0.467
spoIIIAB	yrzE	0.497
spoIIIAB	ytaF	0.559
spoIIIAB	ytrI	0.564
spoIIIAB	yrzR	0.566
spoIIIAB	ytfJ	0.589
spoIIIAB	ytrH	0.64
spoIIIAB	yqhR	0.651
spoIIIAB	ytfI	0.664
spoIIIAB	spoIVFA	0.651
spoIIIAB	yyaC	0.728
spoIIIAB	ytxC	0.729
spoIIIAB	spoIIID	0.684
spoIIIAB	spoIIR	0.724
spoIIIAB	spoVID	0.616
spoIIIAB	yqfD	0.761
spoIIIAB	spoIIP	0.57
spoIIIAB	yqfC	0.785
spoIIIAD	spoVT	0.763
spoIIIAD	yabP	0.693
spoIIIAD	yfkT	0.476
spoIIIAD	yfkR	0.583
spoIIIAD	yfkQ	0.735
spoIIIAD	ylbJ	0.787
spoIIIAD	ylmC	0.766
spoIIIAD	ymxH	0.69
spoIIIAD	spoVFA	0.416
spoIIIAD	tepA	0.764
spoIIIAD	yndD	0.735
spoIIIAD	spoIVA	0.867
spoIIIAD	ypeB	0.639
spoIIIAD	spoVAF	0.587
spoIIIAD	spoVAEB	0.585
spoIIIAD	spoVAD	0.714
spoIIIAD	spoVAC	0.696
spoIIIAD	spoIIM	0.822
spoIIIAD	spoIVB	0.795
spoIIIAD	spoIIIAH	0.906
spoIIIAD	spoIIIAG	0.971
spoIIIAD	spoIIIAF	0.993
spoIIIAD	spoIIIAE	0.992
spoIIIAD	yqhR	0.407
spoIIIAD	yrzE	0.481
spoIIIAD	yrzR	0.501
spoIIIAD	spoIVFA	0.522
spoIIIAD	ytlA	0.539
spoIIIAD	ytrH	0.542
spoIIIAD	ytfI	0.571
spoIIIAD	ytxC	0.591
spoIIIAD	ytaF	0.618
spoIIIAD	ytfJ	0.729
spoIIIAD	yyaC	0.759
spoIIIAD	yqfD	0.776
spoIIIAD	spoIIR	0.783
spoIIIAD	spoIIID	0.797
spoIIIAD	spoIIP	0.699
spoIIIAD	yqfC	0.785
spoIIIAE	sspF	0.456
spoIIIAE	spoVT	0.692
spoIIIAE	yabP	0.679
spoIIIAE	yabQ	0.705
spoIIIAE	yabS	0.721
spoIIIAE	yabT	0.668
spoIIIAE	yfkT	0.515
spoIIIAE	yfkR	0.619
spoIIIAE	yfkQ	0.706
spoIIIAE	yhbB	0.528
spoIIIAE	spoVR	0.423
spoIIIAE	yheD	0.424
spoIIIAE	ylbJ	0.802
spoIIIAE	ylmC	0.753
spoIIIAE	ymxH	0.71
spoIIIAE	spoVFA	0.487
spoIIIAE	tepA	0.744
spoIIIAE	yndD	0.693
spoIIIAE	spoIVA	0.766
spoIIIAE	ypeB	0.753
spoIIIAE	spoVAF	0.649
spoIIIAE	spoVAEA	0.401
spoIIIAE	spoVAEB	0.493
spoIIIAE	spoVAD	0.607
spoIIIAE	spoVAC	0.628
spoIIIAE	spoVAB	0.484
spoIIIAE	spoVAA	0.456
spoIIIAE	spoIIM	0.836
spoIIIAE	spoIVB	0.794
spoIIIAE	spoIIIAH	0.956
spoIIIAE	spoIIIAG	0.982
spoIIIAE	spoIIIAF	0.995
spoIIIAE	ysxE	0.46
spoIIIAE	yqfX	0.483
spoIIIAE	yutH	0.484
spoIIIAE	ytlA	0.529
spoIIIAE	yqgE	0.56
spoIIIAE	ytrI	0.561
spoIIIAE	spoVID	0.642
spoIIIAE	yrzE	0.678
spoIIIAE	yqhR	0.702
spoIIIAE	ytaF	0.71
spoIIIAE	ytxC	0.713
spoIIIAE	yrzR	0.715
spoIIIAE	ytrH	0.737
spoIIIAE	ytfI	0.742
spoIIIAE	yyaC	0.748
spoIIIAE	ytfJ	0.753
spoIIIAE	yqfD	0.778
spoIIIAE	yqfC	0.788
spoIIIAE	spoIIR	0.797
spoIIIAE	spoIVFA	0.823
spoIIIAE	spoIIP	0.743
spoIIIAE	spoIIID	0.934
spoIIIAF	yaaC	0.598
spoIIIAF	yabQ	0.777
spoIIIAF	yabS	0.773
spoIIIAF	yabT	0.751
spoIIIAF	ydcC	0.625
spoIIIAF	yhbB	0.663
spoIIIAF	ylaJ	0.449
spoIIIAF	ylbD	0.506
spoIIIAF	ylbJ	0.671
spoIIIAF	yppC	0.539
spoIIIAF	spoIVA	0.494
spoIIIAF	ypeB	0.723
spoIIIAF	spoVAB	0.477
spoIIIAF	spoVAA	0.499
spoIIIAF	spoIIM	0.777
spoIIIAF	spoIVB	0.549
spoIIIAF	spoIIIAH	0.967
spoIIIAF	spoIIIAG	0.991
spoIIIAF	spoIIID	0.42
spoIIIAF	ytfJ	0.469
spoIIIAF	ytlA	0.471
spoIIIAF	yqfQ	0.59
spoIIIAF	yrzR	0.596
spoIIIAF	spoIIR	0.603
spoIIIAF	ytxC	0.624
spoIIIAF	ytfI	0.665
spoIIIAF	yqgE	0.698
spoIIIAF	ysxE	0.707
spoIIIAF	yqfD	0.715
spoIIIAF	yutH	0.728
spoIIIAF	ytrH	0.731
spoIIIAF	ytrI	0.744
spoIIIAF	yqfX	0.745
spoIIIAF	yqfC	0.719
spoIIIAF	spoIIP	0.614
spoIIIAF	spoVID	0.764
spoIIIAF	yqhR	0.815
spoIIIAF	spoIIQ	0.451
spoIIIAF	spoIVFA	0.839
spoIIIAF	yrzE	0.865
spoIIIAG	spoVT	0.684
spoIIIAG	yabP	0.737
spoIIIAG	yabQ	0.676
spoIIIAG	yabS	0.614
spoIIIAG	yabT	0.501
spoIIIAG	yfkQ	0.543
spoIIIAG	spoVR	0.518
spoIIIAG	yheD	0.438
spoIIIAG	ylaJ	0.4
spoIIIAG	ylbJ	0.795
spoIIIAG	ylmC	0.725
spoIIIAG	ymxH	0.652
spoIIIAG	spoVFA	0.473
spoIIIAG	tepA	0.725
spoIIIAG	yndD	0.511
spoIIIAG	spoIVA	0.804
spoIIIAG	ypeB	0.705
spoIIIAG	spoVAF	0.59
spoIIIAG	spoVAEB	0.489
spoIIIAG	spoVAD	0.594
spoIIIAG	spoVAC	0.583
spoIIIAG	spoVAB	0.605
spoIIIAG	spoVAA	0.571
spoIIIAG	spoIIM	0.744
spoIIIAG	spoIVB	0.794
spoIIIAG	spoIIIAH	0.994
spoIIIAG	yutH	0.471
spoIIIAG	ytlA	0.487
spoIIIAG	ytrI	0.499
spoIIIAG	ysxE	0.517
spoIIIAG	ytfI	0.523
spoIIIAG	yqgE	0.546
spoIIIAG	yrzR	0.564
spoIIIAG	yqfX	0.582
spoIIIAG	yyaC	0.592
spoIIIAG	ytfJ	0.62
spoIIIAG	ytaF	0.624
spoIIIAG	ytrH	0.632
spoIIIAG	yqhR	0.644
spoIIIAG	yrzE	0.762
spoIIIAG	yqfD	0.788
spoIIIAG	yqfC	0.775
spoIIIAG	spoIIR	0.773
spoIIIAG	spoVID	0.718
spoIIIAG	spoIVFA	0.804
spoIIIAG	spoIIID	0.809
spoIIIAG	spoIIP	0.787
spoIIIAH	sspF	0.44
spoIIIAH	yabP	0.512
spoIIIAH	yabQ	0.424
spoIIIAH	yabS	0.485
spoIIIAH	ydcC	0.78
spoIIIAH	yhbB	0.469
spoIIIAH	yhbH	0.502
spoIIIAH	spoVIF	0.722
spoIIIAH	ylaK	0.501
spoIIIAH	ylbJ	0.589
spoIIIAH	ymfJ	0.588
spoIIIAH	spoIVA	0.757
spoIIIAH	ypeB	0.526
spoIIIAH	spoIIM	0.488
spoIIIAH	ytfJ	0.461
spoIIIAH	ytrH	0.507
spoIIIAH	yqhR	0.51
spoIIIAH	ytrI	0.525
spoIIIAH	yqfX	0.524
spoIIIAH	ysxE	0.603
spoIIIAH	yrzE	0.619
spoIIIAH	yqfD	0.627
spoIIIAH	yqfQ	0.671
spoIIIAH	spoVID	0.76
spoIIIAH	spoIIR	0.473
spoIIIAH	spoIIID	0.639
spoIIIAH	spoIVFA	0.588
spoIIIAH	spoIIP	0.631
spoIIIAH	spoIIQ	0.999
spoIIID	spoVT	0.783
spoIIID	yabP	0.767
spoIIID	yfkR	0.566
spoIIID	yfkQ	0.769
spoIIID	spoVR	0.581
spoIIID	yheD	0.605
spoIIID	ylaK	0.567
spoIIID	ylbJ	0.771
spoIIID	ylmC	0.766
spoIIID	ymxH	0.684
spoIIID	spoVFA	0.433
spoIIID	spoVFB	0.571
spoIIID	tepA	0.747
spoIIID	yndD	0.765
spoIIID	spoIVA	0.847
spoIIID	spoVAF	0.745
spoIIID	spoVAEB	0.769
spoIIID	spoVAD	0.79
spoIIID	spoVAC	0.783
spoIIID	spoIVB	0.828
spoIIID	yqfD	0.766
spoIIID	yqfC	0.627
spoIIID	spoIIP	0.704
spoIIID	ysxE	0.612
spoIIID	spoVID	0.55
spoIIID	ytfJ	0.82
spoIIID	yyaC	0.711
spoIIID	spoIIQ	0.569
spoIIID	spoIIR	0.777
spoIIID	usd	0.928
spoIIM	yaaC	0.424
spoIIM	yabQ	0.736
spoIIM	yabS	0.75
spoIIM	yabT	0.687
spoIIM	yfkT	0.503
spoIIM	yfkR	0.519
spoIIM	yhbB	0.435
spoIIM	ylbJ	0.77
spoIIM	ylmC	0.416
spoIIM	tepA	0.442
spoIIM	yppC	0.412
spoIIM	spoIVA	0.502
spoIIM	ypeB	0.772
spoIIM	spoVAF	0.421
spoIIM	spoVAEA	0.593
spoIIM	spoVAC	0.414
spoIIM	spoVAB	0.615
spoIIM	spoVAA	0.567
spoIIM	yqhR	0.461
spoIIM	yqfX	0.479
spoIIM	yrzR	0.504
spoIIM	yrzE	0.515
spoIIM	yutH	0.533
spoIIM	yyaC	0.564
spoIIM	yqfD	0.63
spoIIM	ytfI	0.668
spoIIM	ytxC	0.679
spoIIM	ytfJ	0.688
spoIIM	ytrH	0.694
spoIIM	spoVID	0.632
spoIIM	spoIVB	0.695
spoIIM	yqfC	0.767
spoIIM	spoIIR	0.661
spoIIM	spoIVFA	0.718
spoIIM	spoIIP	0.657
spoIIP	yaaC	0.571
spoIIP	spoVT	0.487
spoIIP	yabP	0.758
spoIIP	yabQ	0.7
spoIIP	yabS	0.47
spoIIP	yabT	0.411
spoIIP	ydcC	0.728
spoIIP	ylaJ	0.537
spoIIP	ylbD	0.531
spoIIP	ylbJ	0.731
spoIIP	ylmC	0.646
spoIIP	ymxH	0.555
spoIIP	spoVFA	0.527
spoIIP	tepA	0.5
spoIIP	yndD	0.477
spoIIP	spoIVA	0.75
spoIIP	ypeB	0.666
spoIIP	spoVAF	0.655
spoIIP	spoVAEB	0.537
spoIIP	spoVAD	0.613
spoIIP	spoVAC	0.603
spoIIP	spoVAB	0.545
spoIIP	spoVAA	0.524
spoIIP	spoIVB	0.77
spoIIP	yqhR	0.642
spoIIP	yqgE	0.643
spoIIP	yqfX	0.693
spoIIP	yqfQ	0.523
spoIIP	yqfD	0.754
spoIIP	yqfC	0.498
spoIIP	ysxE	0.472
spoIIP	ytfI	0.498
spoIIP	ytrI	0.554
spoIIP	ytaF	0.566
spoIIP	yutH	0.584
spoIIP	ytrH	0.602
spoIIP	yrzR	0.617
spoIIP	ytfJ	0.695
spoIIP	yrzE	0.715
spoIIP	spoVID	0.766
spoIIP	spoIVFA	0.702
spoIIP	spoIIR	0.723
spoIIP	spoIIQ	0.618
spoIIQ	ydcC	0.71
spoIIQ	ylaK	0.502
spoIIQ	ylbD	0.4
spoIIQ	spoIVA	0.725
spoIIQ	yqfX	0.525
spoIIQ	spoIVFA	0.485
spoIIQ	spoVID	0.789
spoIIQ	ytfJ	0.502
spoIIQ	ytfI	0.43
spoIIR	spoVT	0.773
spoIIR	yabP	0.769
spoIIR	yabS	0.427
spoIIR	yfkR	0.435
spoIIR	yfkQ	0.771
spoIIR	ylbJ	0.772
spoIIR	ylmC	0.802
spoIIR	ymxH	0.71
spoIIR	spoVFA	0.457
spoIIR	spoVFB	0.428
spoIIR	tepA	0.767
spoIIR	yndD	0.764
spoIIR	spoIVA	0.772
spoIIR	ypeB	0.583
spoIIR	spoVAF	0.697
spoIIR	spoVAEB	0.753
spoIIR	spoVAD	0.761
spoIIR	spoVAC	0.764
spoIIR	spoIVB	0.775
spoIIR	yqfD	0.781
spoIIR	yqfC	0.674
spoIIR	ytaF	0.421
spoIIR	ytfJ	0.755
spoIIR	ytlA	0.475
spoIIR	yyaC	0.659
spoIVA	spoVT	0.779
spoIVA	yabP	0.774
spoIVA	yfkR	0.534
spoIVA	yfkQ	0.773
spoIVA	ylaK	0.529
spoIVA	ylbJ	0.749
spoIVA	ylmC	0.778
spoIVA	ymxH	0.516
spoIVA	spoVFA	0.587
spoIVA	spoVFB	0.711
spoIVA	tepA	0.683
spoIVA	yndD	0.761
spoIVA	ypeB	0.426
spoIVA	ytaF	0.424
spoIVA	usd	0.501
spoIVA	yqfC	0.446
spoIVA	ytfJ	0.764
spoIVA	spoVAF	0.773
spoIVA	spoVAEB	0.775
spoIVA	yqfD	0.77
spoIVA	spoIVB	0.779
spoIVA	spoVAD	0.778
spoIVA	spoVAC	0.781
spoIVA	spoVID	0.641
spoIVB	spoVT	0.774
spoIVB	yabP	0.773
spoIVB	yabS	0.486
spoIVB	yfkT	0.557
spoIVB	yfkR	0.648
spoIVB	yfkQ	0.774
spoIVB	yhbB	0.5
spoIVB	ylbD	0.592
spoIVB	ylbJ	0.767
spoIVB	ylmC	0.77
spoIVB	ymxH	0.673
spoIVB	spoVFA	0.662
spoIVB	spoVFB	0.703
spoIVB	tepA	0.828
spoIVB	ymfJ	0.516
spoIVB	yndD	0.776
spoIVB	ypeB	0.741
spoIVB	spoVAF	0.78
spoIVB	spoVAEB	0.789
spoIVB	spoVAD	0.805
spoIVB	spoVAC	0.808
spoIVB	ytlA	0.416
spoIVB	ytxC	0.46
spoIVB	spoVID	0.406
spoIVB	yyaC	0.527
spoIVB	ytaF	0.67
spoIVB	yqfC	0.723
spoIVB	yqfD	0.771
spoIVB	ytfJ	0.872
spoIVB	spoIVFA	0.678
spoIVFA	yaaC	0.631
spoIVFA	yabQ	0.772
spoIVFA	yabS	0.87
spoIVFA	yabT	0.827
spoIVFA	ydcC	0.783
spoIVFA	yhbB	0.63
spoIVFA	yheD	0.462
spoIVFA	spoVIF	0.676
spoIVFA	ylaJ	0.638
spoIVFA	ylaK	0.576
spoIVFA	ylbD	0.721
spoIVFA	ylbJ	0.486
spoIVFA	spoVFA	0.46
spoIVFA	yppC	0.584
spoIVFA	ypeB	0.706
spoIVFA	spoVAB	0.442
spoIVFA	spoVAA	0.496
spoIVFA	yqhR	0.774
spoIVFA	yqzD	0.482
spoIVFA	yqgE	0.755
spoIVFA	yqfX	0.766
spoIVFA	yqfQ	0.702
spoIVFA	yqfD	0.607
spoIVFA	yqfC	0.423
spoIVFA	yrzR	0.665
spoIVFA	yrzE	0.879
spoIVFA	ytxC	0.468
spoIVFA	ytfI	0.533
spoIVFA	yugN	0.646
spoIVFA	ytaF	0.668
spoIVFA	ytrH	0.703
spoIVFA	yutH	0.754
spoIVFA	ytrI	0.783
spoIVFA	ysxE	0.787
spoIVFA	spoVID	0.787
spoVAA	yabQ	0.585
spoVAA	yabS	0.616
spoVAA	yabT	0.504
spoVAA	yhcN	0.455
spoVAA	ylaJ	0.682
spoVAA	yppC	0.556
spoVAA	ypeB	0.575
spoVAA	spoVAF	0.806
spoVAA	spoVAEA	0.804
spoVAA	spoVAEB	0.808
spoVAA	spoVAD	0.864
spoVAA	spoVAC	0.847
spoVAA	spoVAB	0.966
spoVAA	ytrH	0.435
spoVAA	yqfX	0.455
spoVAA	spoVID	0.525
spoVAA	yugN	0.53
spoVAA	yqgE	0.663
spoVAB	yabQ	0.585
spoVAB	yabS	0.594
spoVAB	yabT	0.517
spoVAB	ydcC	0.422
spoVAB	ydfR	0.502
spoVAB	yhcN	0.577
spoVAB	ylaJ	0.694
spoVAB	yppC	0.493
spoVAB	ypeB	0.694
spoVAB	spoVAF	0.85
spoVAB	spoVAEA	0.901
spoVAB	spoVAEB	0.899
spoVAB	spoVAD	0.946
spoVAB	spoVAC	0.947
spoVAB	yugN	0.407
spoVAB	yqhR	0.417
spoVAB	ytrH	0.495
spoVAB	ythA	0.559
spoVAB	spoVID	0.48
spoVAB	yqfX	0.655
spoVAB	yqgE	0.687
spoVAC	spoVT	0.774
spoVAC	yabP	0.773
spoVAC	ydfR	0.559
spoVAC	yfkR	0.471
spoVAC	yfkQ	0.779
spoVAC	ylbJ	0.683
spoVAC	ylmC	0.807
spoVAC	ymxH	0.565
spoVAC	spoVFB	0.606
spoVAC	tepA	0.62
spoVAC	yndD	0.796
spoVAC	ypeB	0.528
spoVAC	spoVAF	0.963
spoVAC	spoVAEA	0.928
spoVAC	spoVAEB	0.914
spoVAC	spoVAD	0.987
spoVAC	yyaC	0.43
spoVAC	ythA	0.502
spoVAC	ytfJ	0.548
spoVAC	yqfD	0.662
spoVAD	spoVT	0.774
spoVAD	yabP	0.773
spoVAD	ydfR	0.649
spoVAD	yfkR	0.515
spoVAD	yfkQ	0.777
spoVAD	ylbJ	0.669
spoVAD	ylmC	0.771
spoVAD	spoVFB	0.568
spoVAD	tepA	0.679
spoVAD	yndD	0.785
spoVAD	ypeB	0.527
spoVAD	spoVAF	0.967
spoVAD	spoVAEA	0.937
spoVAD	spoVAEB	0.97
spoVAD	ytlA	0.402
spoVAD	ytaF	0.413
spoVAD	ytfJ	0.464
spoVAD	yyaC	0.439
spoVAD	ythA	0.523
spoVAD	yqfD	0.641
spoVAEA	ypeB	0.471
spoVAEA	spoVAF	0.918
spoVAEA	yqfC	0.443
spoVAEA	ytrH	0.551
spoVAEA	ytfI	0.635
spoVAEA	spoVAEB	0.81
spoVAEB	spoVT	0.78
spoVAEB	yabP	0.774
spoVAEB	ydfR	0.449
spoVAEB	yfkR	0.523
spoVAEB	yfkQ	0.774
spoVAEB	ylbJ	0.647
spoVAEB	ylmC	0.757
spoVAEB	spoVFB	0.613
spoVAEB	tepA	0.576
spoVAEB	yndD	0.768
spoVAEB	spoVAF	0.954
spoVAEB	ytfJ	0.471
spoVAEB	yqfD	0.616
spoVAF	spoVT	0.765
spoVAF	yabP	0.772
spoVAF	ydcC	0.599
spoVAF	yfkT	0.526
spoVAF	yfkR	0.605
spoVAF	ylbJ	0.666
spoVAF	ylmC	0.734
spoVAF	ymxH	0.451
spoVAF	spoVFA	0.576
spoVAF	spoVFB	0.691
spoVAF	ypeB	0.426
spoVAF	yqfC	0.593
spoVAF	ytaF	0.619
spoVAF	yqfD	0.695
spoVFA	spoVT	0.435
spoVFA	yabP	0.579
spoVFA	yitA	0.684
spoVFA	spoVIF	0.787
spoVFA	ylbD	0.693
spoVFA	ylbJ	0.568
spoVFA	ylmC	0.554
spoVFA	ymxH	0.621
spoVFA	ytrI	0.4
spoVFA	yqhR	0.423
spoVFA	tepA	0.435
spoVFA	yqfX	0.447
spoVFA	ymfJ	0.496
spoVFA	ytfJ	0.553
spoVFA	spsE	0.608
spoVFA	yqfD	0.597
spoVFA	ytlA	0.638
spoVFA	spoVID	0.613
spoVFA	yrzR	0.707
spoVFA	spsB	0.707
spoVFA	ytaF	0.723
spoVFA	ytcA	0.732
spoVFA	yqfQ	0.782
spoVFA	spoVFB	0.998
spoVFB	spoVT	0.682
spoVFB	yabP	0.648
spoVFB	yfkQ	0.653
spoVFB	yitA	0.715
spoVFB	spoVIF	0.706
spoVFB	ylbD	0.543
spoVFB	ylbE	0.505
spoVFB	ylmC	0.467
spoVFB	ymxH	0.54
spoVFB	ytaF	0.424
spoVFB	tepA	0.428
spoVFB	ymfJ	0.464
spoVFB	ywrJ	0.501
spoVFB	yqfD	0.485
spoVFB	yndD	0.514
spoVFB	ytlA	0.591
spoVFB	spsB	0.619
spoVFB	yqfQ	0.671
spoVFB	spsE	0.688
spoVFB	ytcA	0.718
spoVID	yaaC	0.712
spoVID	yabQ	0.772
spoVID	yabS	0.874
spoVID	yabT	0.774
spoVID	ydcC	0.754
spoVID	yhbB	0.714
spoVID	spoVR	0.426
spoVID	spoVIF	0.696
spoVID	ylaJ	0.464
spoVID	ylaK	0.522
spoVID	ylbD	0.74
spoVID	ylbJ	0.455
spoVID	yppC	0.62
spoVID	ypeB	0.684
spoVID	yqhR	0.778
spoVID	yqzD	0.64
spoVID	yqgE	0.75
spoVID	yqfX	0.779
spoVID	yqfQ	0.74
spoVID	yqfD	0.65
spoVID	yqfC	0.411
spoVID	yrzR	0.696
spoVID	yrzE	0.787
spoVID	ysxE	0.97
spoVID	ytxC	0.453
spoVID	ytfI	0.586
spoVID	ytrH	0.613
spoVID	ytfJ	0.656
spoVID	ytrI	0.767
spoVID	yutH	0.755
spoVIF	yabQ	0.669
spoVIF	yabS	0.608
spoVIF	yabT	0.533
spoVIF	ydcC	0.661
spoVIF	yhbB	0.491
spoVIF	yitA	0.502
spoVIF	yjbH	0.515
spoVIF	spsE	0.502
spoVIF	yqzD	0.54
spoVIF	yrzE	0.546
spoVIF	ytcA	0.619
spoVIF	spsB	0.636
spoVIF	yqfX	0.653
spoVIF	ysxE	0.672
spoVIF	yutH	0.717
spoVIF	yqhR	0.729
spoVIF	ylbD	0.807
spoVIF	yqfQ	0.883
spoVIF	ytrI	0.768
spoVR	yhbB	0.68
spoVR	yhbH	0.99
spoVR	yrzE	0.407
spoVR	ysxE	0.409
spoVR	yobW	0.459
spoVR	ymfJ	0.47
spoVR	yheD	0.507
spoVR	yodS	0.515
spoVR	ylaK	0.651
spoVT	yabQ	0.439
spoVT	yqfC	0.55
spoVT	ymxH	0.617
spoVT	yfkR	0.631
spoVT	yqfD	0.714
spoVT	ytfJ	0.695
spoVT	ylmC	0.77
spoVT	yfkQ	0.774
spoVT	yndD	0.774
spoVT	ylbJ	0.745
spoVT	yyaC	0.714
spoVT	tepA	0.744
spoVT	yabP	0.865
spsB	yitA	0.502
spsB	yqfQ	0.502
spsB	ytcA	0.64
spsB	spsE	0.899
spsE	ytcA	0.538
spxA	yjbH	0.916
sspF	yrzR	0.436
sspF	ylbJ	0.467
sspF	yqfC	0.493
sspF	ytfJ	0.504
sspF	ymfJ	0.561
sspF	yfkR	0.628
tepA	yabP	0.624
tepA	yfkQ	0.658
tepA	ylbJ	0.757
tepA	ylmC	0.77
tepA	ymxH	0.637
tepA	ytxC	0.406
tepA	ytlA	0.43
tepA	yqgE	0.45
tepA	ytrH	0.452
tepA	ymfJ	0.503
tepA	yndD	0.602
tepA	yqfC	0.616
tepA	yqfD	0.727
tepA	ytfJ	0.756
tepA	yyaC	0.488
usd	yheD	0.567
usd	ylaK	0.501
usd	ysxE	0.518
yaaC	ytaF	0.446
yaaC	yabS	0.457
yaaC	ytrH	0.494
yaaC	yqfQ	0.506
yaaC	yrzR	0.538
yaaC	yqfD	0.559
yaaC	ylaJ	0.576
yaaC	yqhR	0.582
yaaC	ylbD	0.597
yaaC	yppC	0.617
yaaC	ytrI	0.637
yaaC	ytfI	0.69
yaaC	yhbB	0.698
yaaC	yqfX	0.71
yaaC	yrzE	0.754
yaaC	yabQ	0.757
yaaC	ysxE	0.765
yaaC	yutH	0.766
yaaC	yqgE	0.769
yabP	ylbD	0.404
yabP	yfkR	0.42
yabP	ytfJ	0.493
yabP	ymxH	0.547
yabP	ydcC	0.704
yabP	ylmC	0.748
yabP	yndD	0.758
yabP	yfkQ	0.764
yabP	ylbJ	0.712
yabP	yqfD	0.8
yabP	ytaF	0.551
yabP	yabQ	0.977
yabQ	yqzD	0.412
yabQ	yugN	0.459
yabQ	ylaJ	0.465
yabQ	yrzR	0.483
yabQ	ytxC	0.579
yabQ	yppC	0.621
yabQ	ylbD	0.669
yabQ	ylbJ	0.528
yabQ	ytfI	0.693
yabQ	ypeB	0.695
yabQ	yhbB	0.722
yabQ	ytrH	0.726
yabQ	ydcC	0.732
yabQ	ysxE	0.74
yabQ	yqfC	0.574
yabQ	yrzE	0.746
yabQ	yqfQ	0.752
yabQ	yqfX	0.753
yabQ	yutH	0.755
yabQ	ytrI	0.756
yabQ	yqgE	0.76
yabQ	yqhR	0.772
yabQ	yabT	0.777
yabQ	yabS	0.796
yabQ	yqfD	0.679
yabS	ylaK	0.424
yabS	ytlA	0.433
yabS	ysxE	0.505
yabS	ylbJ	0.564
yabS	ytxC	0.572
yabS	yqfX	0.602
yabS	yqfD	0.605
yabS	yqfC	0.613
yabS	ylbD	0.628
yabS	ytfI	0.631
yabS	yutH	0.635
yabS	ydcC	0.677
yabS	yqfQ	0.693
yabS	ytrH	0.703
yabS	ypeB	0.726
yabS	yqgE	0.727
yabS	yhbB	0.751
yabS	yrzE	0.751
yabS	ytrI	0.752
yabS	yqhR	0.771
yabS	yabT	0.986
yabT	yqfF	0.407
yabT	ytxC	0.449
yabT	ylbJ	0.471
yabT	yqfC	0.474
yabT	yqfD	0.499
yabT	ytfI	0.501
yabT	ylbD	0.539
yabT	yutH	0.539
yabT	ydcC	0.572
yabT	ytrH	0.577
yabT	yqfX	0.599
yabT	yqfQ	0.632
yabT	yhbB	0.656
yabT	yqgE	0.656
yabT	ypeB	0.677
yabT	yrzE	0.698
yabT	ytrI	0.724
yabT	yqhR	0.762
ydcC	yrzR	0.445
ydcC	yqgE	0.529
ydcC	yqfQ	0.542
ydcC	ymfJ	0.544
ydcC	ytrI	0.545
ydcC	ypeB	0.561
ydcC	ytrH	0.579
ydcC	ylbD	0.672
ydcC	yqhR	0.674
ydcC	yqfX	0.682
ydcC	yhbB	0.746
ydcC	yrzE	0.747
ydcC	yqfD	0.695
ydfR	ytfJ	0.408
yfkQ	yfkT	0.945
yfkQ	yfkR	0.979
yfkQ	yyaC	0.562
yfkQ	yqfC	0.605
yfkQ	ytfJ	0.652
yfkQ	ylbJ	0.686
yfkQ	yqfD	0.704
yfkQ	ylmC	0.749
yfkR	yfkT	0.948
yfkR	ytaF	0.452
yfkR	yyaC	0.463
yfkR	ylbJ	0.574
yfkR	yqfC	0.609
yfkR	ytfJ	0.638
yfkR	yndD	0.78
yfkT	yyaC	0.434
yfkT	yhcN	0.422
yfkT	yqfC	0.6
yfkT	yndD	0.772
yhbB	yqfQ	0.436
yhbB	yqfX	0.478
yhbB	yqgE	0.524
yhbB	ylaK	0.53
yhbB	yqhR	0.575
yhbB	yrzE	0.679
yhbB	ypeB	0.7
yhbB	yqfD	0.702
yhbB	ysxE	0.601
yhbB	yutH	0.628
yhbB	yhbH	0.73
yhbH	yhcB	0.416
yhbH	ysxE	0.491
yhbH	ymfJ	0.493
yhbH	ylaK	0.66
yhcN	yrzR	0.524
yhcN	ypeB	0.543
yhcN	yqfX	0.62
yhcN	ymfJ	0.677
yhcN	ylaJ	0.674
yheD	yppC	0.414
yheD	yqgE	0.418
yheD	yrzR	0.426
yheD	ylaJ	0.471
yheD	ytfI	0.576
yheD	ysxE	0.687
yitA	yqfQ	0.501
yitA	ytlA	0.695
yitA	ytcA	0.75
yizD	yjbH	0.438
yizD	yjbI	0.469
yjbH	yuzO	0.499
yjbH	yqhR	0.504
yjbH	yqfQ	0.516
yjbH	ylbD	0.526
yjbH	yqzD	0.541
yjbH	yjbK	0.593
yjbH	ytrI	0.621
yjbH	yjbI	0.977
yjbK	yqzD	0.419
yjbK	ylbD	0.554
ylaJ	yutH	0.431
ylaJ	yugN	0.444
ylaJ	ymfJ	0.454
ylaJ	ytrH	0.482
ylaJ	ysxE	0.516
ylaJ	yppC	0.543
ylaJ	yqfX	0.572
ylaJ	ylaK	0.597
ylaJ	yqgE	0.672
ylaJ	ypeB	0.646
ylaK	ytfJ	0.501
ylaK	ysxE	0.592
ylbD	ytaF	0.433
ylbD	ytcA	0.502
ylbD	ywrJ	0.499
ylbD	ytxC	0.567
ylbD	yqgE	0.626
ylbD	yrzE	0.701
ylbD	yqfX	0.719
ylbD	yqzD	0.743
ylbD	yqhR	0.767
ylbD	ytrI	0.77
ylbD	ysxE	0.629
ylbD	yqfQ	0.823
ylbD	yutH	0.751
ylbD	ylbE	0.934
ylbJ	yqhR	0.438
ylbJ	yrzE	0.443
ylbJ	ypeB	0.544
ylbJ	ytfI	0.591
ylbJ	yrzR	0.595
ylbJ	ytaF	0.6
ylbJ	ytrI	0.442
ylbJ	ytxC	0.632
ylbJ	yndD	0.669
ylbJ	yyaC	0.752
ylbJ	ylmC	0.77
ylbJ	ymxH	0.772
ylbJ	ytfJ	0.777
ylbJ	ytrH	0.685
ylbJ	yqfD	0.789
ylbJ	yqfC	0.805
ylmC	yqfC	0.546
ylmC	yndD	0.704
ylmC	yqfD	0.736
ylmC	ytfJ	0.682
ylmC	ymxH	0.756
ylmC	ytaF	0.449
ymfJ	ytaF	0.402
ymfJ	ypeB	0.42
ymfJ	yqgE	0.464
ymfJ	yrzR	0.608
ymfJ	ytrH	0.665
ymfJ	yqfX	0.759
ymxH	ytfI	0.404
ymxH	yrzR	0.425
ymxH	ysxE	0.522
ymxH	yqfC	0.64
ymxH	ytfJ	0.728
yndD	yyaC	0.589
yndD	ytfJ	0.594
yndD	yqfC	0.652
yndD	yqfD	0.7
ypeB	ytrI	0.444
ypeB	yutH	0.451
ypeB	ytfI	0.507
ypeB	yrzR	0.509
ypeB	yqgE	0.552
ypeB	yrzE	0.575
ypeB	yqfC	0.601
ypeB	yqhR	0.601
ypeB	yqfD	0.613
ypeB	ytrH	0.614
ypeB	yqfX	0.642
ypeB	ytfJ	0.605
ypjA	ypjB	0.817
yppC	yrzR	0.412
yppC	ytrI	0.42
yppC	yutH	0.465
yppC	ysxE	0.493
yppC	yqfX	0.538
yppC	yrzE	0.55
yppC	yugN	0.599
yppC	yqgE	0.758
yqeZ	yqfF	0.452
yqeZ	yqfD	0.572
yqeZ	yqfC	0.6
yqeZ	yqfB	0.926
yqeZ	yqfA	0.997
yqfA	yqfF	0.473
yqfA	yqfD	0.604
yqfA	yqfC	0.63
yqfA	yqfB	0.975
yqfB	yqfF	0.502
yqfB	yqfD	0.646
yqfB	yqfC	0.674
yqfC	yqhR	0.421
yqfC	yqgE	0.457
yqfC	yqfX	0.464
yqfC	yqfF	0.662
yqfC	yqfD	0.992
yqfC	ysxE	0.451
yqfC	yutH	0.481
yqfC	ytlA	0.485
yqfC	ytaF	0.536
yqfC	yrzR	0.611
yqfC	ytrI	0.409
yqfC	ytfJ	0.696
yqfC	ytxC	0.735
yqfC	yyaC	0.736
yqfC	ytfI	0.794
yqfC	ytrH	0.68
yqfD	yqhR	0.595
yqfD	yqgE	0.464
yqfD	yqfX	0.546
yqfD	yqfQ	0.422
yqfD	yqfF	0.618
yqfD	yrzR	0.455
yqfD	ytlA	0.465
yqfD	ytfI	0.475
yqfD	yrzE	0.531
yqfD	yutH	0.647
yqfD	ytfJ	0.648
yqfD	ytaF	0.654
yqfD	ysxE	0.655
yqfD	ytrI	0.565
yqfD	ytrH	0.62
yqfQ	yqhR	0.76
yqfQ	yqzD	0.7
yqfQ	yqgE	0.618
yqfQ	yqfX	0.648
yqfQ	ytxC	0.414
yqfQ	ytlA	0.571
yqfQ	ytcA	0.669
yqfQ	yrzE	0.716
yqfQ	ysxE	0.743
yqfQ	yutH	0.764
yqfQ	ytrI	0.769
yqfX	yqhR	0.774
yqfX	yqzD	0.438
yqfX	yqgE	0.738
yqfX	yugN	0.468
yqfX	ytfI	0.601
yqfX	ytrH	0.637
yqfX	yrzE	0.722
yqfX	ytrI	0.752
yqfX	ysxE	0.756
yqfX	yutH	0.761
yqfX	yrzR	0.82
yqgE	yqhR	0.766
yqgE	ytaF	0.54
yqgE	ytfI	0.593
yqgE	ytrH	0.607
yqgE	yugN	0.633
yqgE	yrzR	0.664
yqgE	ysxE	0.736
yqgE	ytrI	0.746
yqgE	yutH	0.751
yqgE	yrzE	0.762
yqhR	ytfI	0.437
yqhR	yugN	0.447
yqhR	ytaF	0.551
yqhR	ytxC	0.56
yqhR	ysxE	0.605
yqhR	yrzR	0.666
yqhR	yqzD	0.666
yqhR	ytrH	0.715
yqhR	yutH	0.729
yqhR	yrzE	0.757
yqhR	ytrI	0.774
yqzD	yrzE	0.489
yqzD	ytxC	0.527
yqzD	yutH	0.581
yqzD	ytrI	0.712
yrzE	yrzR	0.631
yrzE	ytaF	0.525
yrzE	ytrH	0.645
yrzE	ytfI	0.661
yrzE	yutH	0.748
yrzE	ytrI	0.76
yrzE	ysxE	0.766
yrzR	ytrI	0.402
yrzR	ytfJ	0.448
yrzR	ytrH	0.574
yrzR	ytfI	0.621
yrzR	ytaF	0.672
ysxE	ytaF	0.443
ysxE	ytxC	0.495
ysxE	ytfI	0.547
ysxE	ytfJ	0.649
ysxE	ytrI	0.77
ysxE	yutH	0.779
ytaF	ytxC	0.429
ytaF	ytfJ	0.465
ytaF	ytfI	0.508
ytaF	ytrI	0.543
ytaF	ytrH	0.662
ytcA	ytlA	0.68
ytcA	ywrJ	0.521
ytfI	ytxC	0.53
ytfI	ytrH	0.706
ytfI	ytrI	0.523
ytfI	ytfJ	0.973
ytfI	yyaC	0.433
ytfI	yutH	0.516
ytfJ	ytxC	0.518
ytlA	ytxC	0.487
ytrH	ytrI	0.952
ytrI	ytxC	0.586
ytrI	yugN	0.552
ytrI	yutH	0.774
ytxC	yyaC	0.542
ytxC	yutH	0.726
